instance,family,seed,n,opt,eft,est,sd,fc,eft_match
0,sparse,12144082824507024604,4,3,3,3,3,3,1
1,sparse,1536370188999074329,8,8,8,8,8,8,1
2,sparse,6187364898451276974,8,7,7,7,7,7,1
3,sparse,341602419141244910,17,13,13,13,13,13,1
4,sparse,17509473680998058266,6,5,5,5,5,5,1
5,sparse,15833085533960898700,16,13,13,13,13,13,1
6,sparse,11323129612106372136,7,6,6,6,6,6,1
7,sparse,2802966826937371359,8,8,8,8,8,8,1
8,sparse,8692579795985615426,15,12,12,12,12,12,1
9,sparse,433683605220015050,14,13,13,13,13,13,1
10,sparse,11573909854855132775,15,12,12,12,12,12,1
11,sparse,14728624639589587407,13,10,10,10,10,10,1
12,sparse,10474420571418308951,13,10,10,10,10,10,1
13,sparse,9059013424984163953,15,14,14,14,14,14,1
14,sparse,11823613073117289202,4,2,2,2,2,2,1
15,sparse,16481110720115296549,15,13,13,13,13,13,1
16,sparse,6386229856934234284,8,6,6,6,6,6,1
17,sparse,198669124046799211,5,5,5,5,5,5,1
18,sparse,8442116227440005096,18,14,14,14,14,14,1
19,sparse,10315236018739821056,9,6,6,6,6,6,1
20,sparse,13812989859602721879,8,8,8,8,8,8,1
21,sparse,11588540496682581226,4,4,4,4,4,4,1
22,sparse,1707266925763848805,6,5,5,5,5,5,1
23,sparse,5535743363324450564,18,13,13,13,13,13,1
24,sparse,10727766650950479350,16,12,12,12,12,12,1
25,sparse,16559879846648589777,15,12,12,11,12,12,1
26,sparse,10805945559916531100,14,11,11,11,11,11,1
27,sparse,7395775335647627588,7,6,6,6,6,6,1
28,sparse,15477194820372361052,11,10,10,10,10,10,1
29,sparse,14838935407659628632,8,7,7,7,7,7,1
30,sparse,14155378997865061852,13,10,10,10,10,10,1
31,sparse,5610862599317582671,4,4,4,4,4,4,1
32,sparse,14134555701731123979,9,7,7,7,7,7,1
33,sparse,15485083216595807430,14,13,13,13,13,13,1
34,sparse,4805091266521615304,16,12,12,12,12,12,1
35,sparse,15411307081662546530,4,3,3,3,3,3,1
36,sparse,13801417193839227339,15,11,11,11,11,11,1
37,sparse,293866166106092438,8,7,7,6,7,7,1
38,sparse,10673118385649272364,5,4,4,4,4,4,1
39,sparse,5018896299762957284,10,8,8,8,8,8,1
40,sparse,6545002482977000295,6,5,5,5,5,5,1
41,sparse,645917801986923589,13,11,11,11,11,11,1
42,sparse,5673610682152541820,15,13,13,13,13,13,1
43,sparse,246811294551579513,12,9,9,9,9,9,1
44,sparse,10377181136506293875,8,8,8,8,8,8,1
45,sparse,14127845099883597059,14,10,10,10,10,10,1
46,sparse,15730564107561334007,10,8,8,8,8,8,1
47,sparse,6434371044120170285,4,4,4,4,4,4,1
48,sparse,9627766284575720474,5,5,5,5,5,5,1
49,sparse,877945161142741669,8,7,7,7,7,7,1
50,sparse,7278297637651186120,4,4,4,4,4,4,1
51,sparse,3844675644664128203,6,4,4,4,4,4,1
52,sparse,1402223391918745259,14,13,13,13,13,13,1
53,sparse,11149046764580894935,16,11,11,11,11,11,1
54,sparse,11054909374651232691,5,5,5,5,5,5,1
55,sparse,13012461339882506293,6,5,5,5,5,5,1
56,sparse,2766418097752359592,7,6,6,6,6,6,1
57,sparse,3513267774191520498,14,12,12,12,12,12,1
58,sparse,11999750296973887717,6,6,6,6,6,6,1
59,sparse,14981122843085386524,14,13,13,13,13,13,1
60,sparse,4306029754305535883,7,7,7,7,7,7,1
61,sparse,9452190332431121014,11,8,8,8,8,8,1
62,sparse,15163320153202753743,4,3,3,3,3,3,1
63,sparse,5339619482412341750,11,10,10,9,10,10,1
64,sparse,14857393730285022581,9,7,7,7,7,7,1
65,sparse,15129206462831657551,13,10,10,10,10,10,1
66,sparse,7989391467524432295,16,12,12,12,12,12,1
67,sparse,2564868289702072430,18,16,16,16,16,16,1
68,sparse,612951126520888374,5,4,4,4,4,4,1
69,sparse,17143794141420664321,17,15,15,15,15,15,1
70,sparse,8928455048534349579,7,5,5,5,5,5,1
71,sparse,11816487133185074989,11,8,8,8,8,8,1
72,sparse,10420791247244911523,7,4,4,4,4,4,1
73,sparse,5161928056688748292,5,4,4,4,4,4,1
74,sparse,7386611811057793049,16,15,15,15,15,15,1
75,sparse,11960693513615739572,17,14,14,14,14,14,1
76,sparse,2853741073421428382,14,14,14,14,14,14,1
77,sparse,15330918891237097541,11,8,8,8,8,8,1
78,sparse,17029260335635739958,7,7,7,7,7,7,1
79,sparse,5792907192093784346,18,16,16,16,16,16,1
80,sparse,12941608622747596571,10,8,8,8,8,8,1
81,sparse,7344512207907330075,7,7,7,7,7,7,1
82,sparse,16167566131218096717,13,12,12,12,12,12,1
83,sparse,7678259316675683608,15,13,13,13,13,13,1
84,sparse,2147703388581073143,17,12,12,12,12,12,1
85,sparse,3124210552929104751,16,14,14,14,14,14,1
86,sparse,15914206649619776821,5,4,4,4,4,4,1
87,sparse,11823161836019446078,15,14,14,14,14,14,1
88,sparse,9814218269699067962,7,5,5,5,5,5,1
89,sparse,9226751718290323700,5,3,3,3,3,3,1
90,sparse,4617852546495470966,17,13,13,13,13,13,1
91,sparse,7051125207986849309,4,4,4,4,4,4,1
92,sparse,14939444728934197074,11,10,10,10,10,10,1
93,sparse,7901713940157345738,18,17,17,17,17,17,1
94,sparse,8498526116388425268,14,10,10,10,10,10,1
95,sparse,17482231090076926115,5,5,5,5,5,5,1
96,sparse,10897720318630076905,9,6,6,6,6,6,1
97,sparse,186897112662417180,14,11,11,11,11,11,1
98,sparse,8608208250848578570,13,11,11,11,11,11,1
99,sparse,802626083895561867,12,9,9,9,9,9,1
100,sparse,13355511438148296066,11,10,10,10,10,10,1
101,sparse,9664609588585289003,13,8,8,7,8,8,1
102,sparse,7344675741328366440,7,6,6,6,6,6,1
103,sparse,981398452546839517,8,7,7,7,7,7,1
104,sparse,9825116622196861394,10,9,9,9,9,9,1
105,sparse,2829977354128597662,13,9,9,9,9,9,1
106,sparse,15656180019129508894,4,4,4,4,4,4,1
107,sparse,6596882936550954705,10,9,9,9,9,9,1
108,sparse,13997183954164627166,12,10,10,10,10,10,1
109,sparse,16914697949731263166,11,9,9,9,9,9,1
110,sparse,12629645068132111414,5,4,4,4,4,4,1
111,sparse,14819164845316977625,12,12,12,12,12,12,1
112,sparse,5090597793060123774,14,12,12,12,12,12,1
113,sparse,14417177849745644136,8,6,6,6,6,6,1
114,sparse,17035523336557578454,8,6,6,6,6,6,1
115,sparse,11766359909271612353,10,6,6,5,6,6,1
116,sparse,3751490101286528579,13,11,11,11,11,11,1
117,sparse,7803384662278319315,17,16,16,16,16,16,1
118,sparse,8262514090665851522,8,6,6,5,6,6,1
119,sparse,2648440516453447692,16,13,13,13,13,13,1
120,sparse,16704271321492166977,5,4,4,4,4,4,1
121,sparse,13653109945910132506,11,8,8,8,8,8,1
122,sparse,4076132998668983129,16,14,14,14,14,14,1
123,sparse,3532696714022755245,6,5,5,5,5,5,1
124,sparse,4495447407404510311,13,10,10,10,10,10,1
125,sparse,17323285857854489841,17,14,14,14,14,14,1
126,sparse,12898111745016611991,9,9,9,9,9,9,1
127,sparse,13961848425900516802,8,6,6,6,6,6,1
128,sparse,13724190477914008259,14,12,12,12,12,12,1
129,sparse,778580350044857408,10,8,8,7,8,8,1
130,sparse,2459633951029093133,5,4,4,4,4,4,1
131,sparse,6449442978791339112,17,12,12,12,12,12,1
132,sparse,220932677279169671,13,11,11,11,11,11,1
133,sparse,311103519532733403,6,5,5,5,5,5,1
134,sparse,2925053513007573290,16,12,12,12,12,12,1
135,sparse,16938798110395174176,9,8,8,8,8,8,1
136,sparse,11122618714918358996,5,4,4,4,4,4,1
137,sparse,6987207289967140377,18,15,15,15,15,15,1
138,sparse,10284659976512119207,11,8,8,8,8,8,1
139,sparse,11202057326962183270,17,15,15,15,15,15,1
140,sparse,12025960992775597815,18,16,16,16,16,16,1
141,sparse,13453185457673370111,14,9,9,9,9,9,1
142,sparse,984580623563881433,17,14,14,14,14,14,1
143,sparse,245042712982051219,17,14,14,14,14,14,1
144,sparse,14233438367356709400,4,3,3,3,3,3,1
145,sparse,14580241371463851591,15,14,14,14,14,14,1
146,sparse,10937768995541478816,7,6,6,6,6,6,1
147,sparse,5658696458146597744,15,12,12,12,12,12,1
148,sparse,10702765952765215033,17,13,13,13,13,13,1
149,sparse,2280840287033153471,9,9,9,9,9,9,1
150,sparse,12973537672383044454,17,14,14,14,14,14,1
151,sparse,1562185748001183893,10,8,8,8,8,8,1
152,sparse,12303918756020222970,7,5,5,5,5,5,1
153,sparse,5553526149108622121,7,6,6,6,6,6,1
154,sparse,13298285053846483984,16,15,15,15,15,15,1
155,sparse,6247392492020268402,9,5,5,5,5,5,1
156,sparse,8989890948289952888,12,10,10,10,10,10,1
157,sparse,971908732860310518,4,3,3,3,3,3,1
158,sparse,7198479057139374834,16,12,12,12,12,12,1
159,sparse,18064561546421103910,10,9,9,9,9,9,1
160,sparse,428393701296113866,15,15,15,15,15,15,1
161,sparse,16504850701643998446,9,6,6,6,6,6,1
162,sparse,10902835011346419185,18,13,13,13,13,13,1
163,sparse,1795161564662400626,17,15,15,15,15,15,1
164,sparse,13535761680640931139,16,13,13,13,13,13,1
165,sparse,2346142306539444224,10,7,7,7,7,7,1
166,sparse,9161623879003686254,15,10,10,10,10,10,1
167,sparse,16268876850059043800,8,7,7,7,6,7,1
168,sparse,10106582209553802116,17,14,14,14,14,14,1
169,sparse,3412578648380303880,7,5,5,5,5,5,1
170,sparse,7473776099865042550,11,7,7,7,7,7,1
171,sparse,2917241549747121639,9,7,7,7,7,7,1
172,sparse,17177400983608248249,15,10,10,10,10,10,1
173,sparse,5852785254511421377,11,7,7,7,7,7,1
174,sparse,4335314541944497163,16,11,11,10,11,11,1
175,sparse,16101817685740306951,7,7,7,7,7,7,1
176,sparse,3789015684239075022,6,4,4,4,4,4,1
177,sparse,14751404611246067481,17,15,15,15,15,15,1
178,sparse,5069081135273464151,13,11,11,11,10,11,1
179,sparse,3504916237144362342,12,10,10,10,10,10,1
180,sparse,13680804653690138295,15,13,13,13,13,13,1
181,sparse,11226036507193676089,7,7,7,7,7,7,1
182,sparse,16584871158353288766,4,3,3,3,3,3,1
183,sparse,14501753808942926610,15,13,13,13,13,13,1
184,sparse,9417041337458255623,7,6,6,6,6,6,1
185,sparse,11944411249765245996,8,6,6,6,6,6,1
186,sparse,6931114576479861318,11,10,10,9,10,10,1
187,sparse,9572994125487281708,7,6,6,6,6,6,1
188,sparse,6849261422000170654,18,14,14,13,14,14,1
189,sparse,4122719871274488911,18,15,15,15,15,15,1
190,sparse,855926150174502103,4,3,3,3,3,3,1
191,sparse,17210418020276970280,14,11,11,11,11,11,1
192,sparse,9523275833665833043,11,10,10,10,10,10,1
193,sparse,9635312381962979069,14,12,12,12,12,12,1
194,sparse,13406545920883083815,17,15,15,15,15,15,1
195,sparse,2831192647657474869,10,9,9,9,9,9,1
196,sparse,15490463982662052870,8,6,6,6,6,6,1
197,sparse,9207707703717495106,11,9,9,9,9,9,1
198,sparse,6442965140590529599,11,10,10,10,10,10,1
199,sparse,3254723826947150766,5,5,5,5,5,5,1
200,dense,9973054855523239415,13,2,2,1,1,2,1
201,dense,10106021842648849433,7,1,1,1,1,1,1
202,dense,2966389138528387045,16,2,2,2,2,2,1
203,dense,7210074022840770101,11,2,2,1,1,2,1
204,dense,14582588490548556468,18,2,2,2,2,2,1
205,dense,7661781435740193082,14,1,1,1,1,1,1
206,dense,1344405509321132288,17,1,1,1,1,1,1
207,dense,17786683068337942629,7,1,1,1,1,1,1
208,dense,4475358746562660547,16,2,2,1,1,2,1
209,dense,8431862929775635274,13,2,2,1,1,2,1
210,dense,7983322357712017950,13,2,2,2,2,2,1
211,dense,11603247225126302735,13,2,2,1,1,2,1
212,dense,6233589516394970171,16,1,1,1,1,1,1
213,dense,766998961866291087,12,2,2,1,2,2,1
214,dense,18339213380785116649,4,1,1,1,1,1,1
215,dense,17083258225284630328,6,1,1,1,1,1,1
216,dense,4315271030757948061,5,2,2,1,2,2,1
217,dense,13457757876023026162,8,1,1,1,1,1,1
218,dense,9470795276239852213,7,2,2,1,2,2,1
219,dense,4439269589355776822,17,2,2,1,2,2,1
220,dense,2435178336935835114,13,2,2,1,2,2,1
221,dense,4230848569021563416,11,2,2,2,2,2,1
222,dense,7241856243951634299,15,1,1,1,1,1,1
223,dense,17336294156288507839,9,1,1,1,1,1,1
224,dense,6029314722965241825,10,1,1,1,1,1,1
225,dense,8168238579293169482,9,1,1,1,1,1,1
226,dense,18088866005563559181,13,2,2,1,2,2,1
227,dense,735390605445460752,6,1,1,1,1,1,1
228,dense,211375568877875585,11,1,1,1,1,1,1
229,dense,7854407754089012054,4,1,1,1,1,1,1
230,dense,5915776426873883204,9,1,1,1,1,1,1
231,dense,3183325747448114884,17,2,2,2,1,2,1
232,dense,15723692426784342115,18,2,2,2,2,2,1
233,dense,1296526578171144001,12,2,2,2,2,2,1
234,dense,3115179224249289230,14,2,2,2,2,2,1
235,dense,3029170162351300103,5,1,1,1,1,1,1
236,dense,8352823452085346747,15,2,2,2,2,2,1
237,dense,1065283579451449282,15,2,2,2,1,2,1
238,dense,8183802756323988110,8,1,1,1,1,1,1
239,dense,5511732352771411896,7,2,2,1,2,2,1
240,dense,12180191851432813182,7,2,2,1,2,2,1
241,dense,17652724031932591619,10,1,1,1,1,1,1
242,dense,17065820956165735354,6,2,2,2,2,2,1
243,dense,634322404294415469,7,1,1,1,1,1,1
244,dense,18269351380222088507,11,1,1,1,1,1,1
245,dense,15587158512991457930,7,2,2,2,2,2,1
246,dense,15198305506491133070,7,2,2,1,2,2,1
247,dense,8549291264489755716,17,1,1,1,1,1,1
248,dense,159872542249823235,9,2,2,2,2,2,1
249,dense,17208209280158608811,6,2,2,2,2,2,1
250,dense,4760837346759290109,12,2,2,2,2,2,1
251,dense,4255579991411170676,8,1,1,1,1,1,1
252,dense,2445594500480114650,15,2,2,1,2,2,1
253,dense,1074025208598911922,15,2,2,2,2,2,1
254,dense,6402464064383113509,11,1,1,1,1,1,1
255,dense,10534664080312162684,4,2,2,2,2,2,1
256,dense,5253286454486537751,8,2,2,1,2,2,1
257,dense,2148834381261823999,11,2,2,2,2,2,1
258,dense,16556525485787054684,6,2,2,2,2,2,1
259,dense,1681612089997885526,6,1,1,1,1,1,1
260,dense,17622528617277827837,5,1,1,1,1,1,1
261,dense,16673193368394487777,13,2,2,1,2,2,1
262,dense,12801599430830591196,13,2,2,2,2,2,1
263,dense,13054007735932295556,16,2,2,2,1,2,1
264,dense,4406056466535207562,12,2,2,1,2,2,1
265,dense,15294586684055559769,11,2,2,2,2,2,1
266,dense,6967434000515699113,4,1,1,1,1,1,1
267,dense,13421609869861618829,16,1,1,1,1,1,1
268,dense,14893964433047035948,11,1,1,1,1,1,1
269,dense,14633253628331950085,6,1,1,1,1,1,1
270,dense,6934104257163482630,8,1,1,1,1,1,1
271,dense,2888240952847904195,13,2,2,2,2,2,1
272,dense,113858896276666105,10,2,2,2,2,2,1
273,dense,6523335996912845373,9,2,2,2,2,2,1
274,dense,6535930980213803861,12,1,1,1,1,1,1
275,dense,3239783251778919805,7,2,2,1,2,2,1
276,dense,17677708160562244980,18,2,2,1,1,2,1
277,dense,8958499353823360531,4,2,2,2,2,2,1
278,dense,16156912817343447284,6,1,1,1,1,1,1
279,dense,3432648842079413616,10,2,2,2,2,2,1
280,dense,15369715020972620514,5,2,2,1,2,2,1
281,dense,9004577947675299300,6,1,1,1,1,1,1
282,dense,1643663132186877318,4,1,1,1,1,1,1
283,dense,3453708505793325224,5,1,1,1,1,1,1
284,dense,9773602354174454037,6,1,1,1,1,1,1
285,dense,12259976330222047044,5,1,1,1,1,1,1
286,dense,5617525316722127696,7,2,2,2,1,2,1
287,dense,14833964359699043284,13,2,2,2,2,2,1
288,dense,7942945028328856723,13,2,2,2,2,2,1
289,dense,10566012472362965752,11,2,2,2,2,2,1
290,dense,10188584571309816512,6,1,1,1,1,1,1
291,dense,2587545698243171055,7,1,1,1,1,1,1
292,dense,8231428861349217349,18,2,2,2,2,2,1
293,dense,1422740218973548656,9,1,1,1,1,1,1
294,dense,8708073082804519884,14,2,2,2,2,2,1
295,dense,689350551480694093,8,2,2,2,2,2,1
296,dense,13551503383695940324,11,2,2,2,2,2,1
297,dense,875457356447305949,12,2,2,2,1,2,1
298,dense,16586086559389658016,9,2,2,1,2,2,1
299,dense,13032317282575327959,9,1,1,1,1,1,1
300,dense,5770242828610516109,7,1,1,1,1,1,1
301,dense,5703264450612854897,13,2,2,2,2,2,1
302,dense,8708112552667351880,17,2,2,2,2,2,1
303,dense,13131548481960221236,8,1,1,1,1,1,1
304,dense,17417333910338319524,8,1,1,1,1,1,1
305,dense,4342086862405922728,16,1,1,1,1,1,1
306,dense,14015356197223709321,13,1,1,1,1,1,1
307,dense,2558937051824185431,15,2,2,1,2,2,1
308,dense,6940010049995853300,8,1,1,1,1,1,1
309,dense,1067081438628192407,5,2,2,2,2,2,1
310,dense,17205726015141091656,16,2,2,2,2,2,1
311,dense,1547252536092819877,7,2,2,1,2,2,1
312,dense,665215906157401265,5,2,2,2,2,2,1
313,dense,16132924184068780804,6,1,1,1,1,1,1
314,dense,15049319104458873544,4,1,1,1,1,1,1
315,dense,4964756937733739923,10,2,2,2,2,2,1
316,dense,13239054078831514233,9,2,2,1,2,2,1
317,dense,12332264035098508818,8,2,2,2,2,2,1
318,dense,5162954621527380133,18,2,2,1,2,2,1
319,dense,5422370607884080625,16,1,1,1,1,1,1
320,dense,16565256020927686355,18,2,2,1,2,2,1
321,dense,17724241458337845378,13,1,1,1,1,1,1
322,dense,7694194119740469343,14,2,2,2,2,2,1
323,dense,16963738824173386398,12,2,2,1,1,2,1
324,dense,560437166034262770,14,2,2,1,1,2,1
325,dense,5066884714814062393,8,1,1,1,1,1,1
326,dense,15944438781063042432,15,2,2,1,1,2,1
327,dense,12070429024010919847,11,1,1,1,1,1,1
328,dense,10298536492656628823,15,1,1,1,1,1,1
329,dense,16068808954476439757,13,2,2,2,1,2,1
330,dense,2505358593095986345,5,1,1,1,1,1,1
331,dense,3060598729463530350,12,2,2,2,2,2,1
332,dense,13069326747572784691,5,2,2,2,2,2,1
333,dense,10184081790105794081,16,1,1,1,1,1,1
334,dense,8253813876687738624,14,2,2,1,1,2,1
335,dense,7801316325111728925,13,2,2,2,2,2,1
336,dense,4410533444804816159,12,1,1,1,1,1,1
337,dense,10584617381240997105,11,2,2,2,2,2,1
338,dense,18397986601752460124,15,2,2,2,2,2,1
339,dense,2547003510165230952,6,1,1,1,1,1,1
340,dense,6163174355280647963,14,2,2,2,2,2,1
341,dense,3118760537454656392,16,1,1,1,1,1,1
342,dense,17032560285171742384,10,1,1,1,1,1,1
343,dense,9700814363439343451,13,1,1,1,1,1,1
344,dense,8560539127424376503,11,1,1,1,1,1,1
345,dense,3960336334890232993,6,2,2,2,2,2,1
346,dense,6688634489682708490,4,2,2,2,2,2,1
347,dense,15196510079818509930,7,2,2,1,2,2,1
348,dense,6064546472929215343,9,1,1,1,1,1,1
349,dense,2116158717980123529,17,1,1,1,1,1,1
350,dense,11592326677088085125,12,2,2,1,1,2,1
351,dense,1665156800684951911,8,1,1,1,1,1,1
352,dense,5204649958814813347,6,1,1,1,1,1,1
353,dense,12823190331130575340,4,1,1,1,1,1,1
354,dense,11886744270076717366,15,1,1,1,1,1,1
355,dense,7966477224358703912,18,2,2,1,2,2,1
356,dense,2912997089726461493,18,2,2,1,2,2,1
357,dense,13646456885473796146,4,1,1,1,1,1,1
358,dense,16984511374384991412,5,2,2,1,2,2,1
359,dense,16901651370410686122,12,2,2,2,2,2,1
360,dense,11054222795259546194,6,1,1,1,1,1,1
361,dense,17108779907608649010,12,1,1,1,1,1,1
362,dense,8865335282701220479,17,1,1,1,1,1,1
363,dense,655815950717724321,17,2,2,2,2,2,1
364,dense,11647423979351678846,14,2,2,2,1,2,1
365,dense,9854346351182452709,16,2,2,2,2,2,1
366,dense,11129443489100908813,16,2,2,1,2,2,1
367,dense,1949768780689737551,14,2,2,1,2,2,1
368,dense,2830796867463389068,10,2,2,2,2,2,1
369,dense,15948837410641741968,18,1,1,1,1,1,1
370,dense,15611965941063106609,6,1,1,1,1,1,1
371,dense,5726213799764836209,8,2,2,1,2,2,1
372,dense,17652617203257295729,9,1,1,1,1,1,1
373,dense,16402135510209088232,8,2,2,2,2,2,1
374,dense,11403165425080229727,17,2,2,1,1,2,1
375,dense,6978548496054484720,15,2,2,2,2,2,1
376,dense,2388226380772252637,5,1,1,1,1,1,1
377,dense,13456600677906889375,13,2,2,2,2,2,1
378,dense,11863737535493852071,13,2,2,2,2,2,1
379,dense,13244954264740990404,16,1,1,1,1,1,1
380,dense,9856741611318586630,6,2,2,1,1,2,1
381,dense,13464346058958961777,17,1,1,1,1,1,1
382,dense,661959949409316426,5,1,1,1,1,1,1
383,dense,7377728685354288628,15,2,2,2,2,2,1
384,dense,13214431024489921931,11,2,2,2,2,2,1
385,dense,3807199764405401369,17,1,1,1,1,1,1
386,dense,13964601289645672519,12,2,2,2,2,2,1
387,dense,5120749955635767683,14,2,2,2,2,2,1
388,dense,11270849465064129515,8,2,2,2,2,2,1
389,dense,7498669561431386301,6,1,1,1,1,1,1
390,dense,13920643869837058595,4,2,2,2,2,2,1
391,dense,730349112244306875,13,2,2,2,2,2,1
392,dense,4890068685479878956,16,2,2,2,2,2,1
393,dense,13014415930120468905,13,1,1,1,1,1,1
394,dense,13552739189566743156,11,1,1,1,1,1,1
395,dense,15779191146539040791,15,2,2,1,2,2,1
396,dense,6889023983038443140,9,1,1,1,1,1,1
397,dense,14175241297350268850,9,2,2,2,2,2,1
398,dense,988793045120239392,12,2,2,1,2,2,1
399,dense,7105802587635010276,15,2,2,2,1,2,1
400,varied,4416594798285717289,5,5,5,5,5,5,1
401,varied,14462507449406084522,18,7,7,3,7,7,1
402,varied,17005049805863156899,10,6,6,4,6,6,1
403,varied,13304983193662070234,6,4,4,3,4,4,1
404,varied,5965169729465440838,16,9,9,6,9,9,1
405,varied,9700074454690175736,9,3,3,3,3,3,1
406,varied,18001749263515455837,11,6,6,6,6,6,1
407,varied,16109909516647194274,5,2,2,2,2,2,1
408,varied,12690167599437246849,10,4,4,3,4,4,1
409,varied,1784401809205244655,12,7,7,6,7,7,1
410,varied,16127714982011940964,4,2,2,1,2,2,1
411,varied,3018128471607761845,6,3,3,2,3,3,1
412,varied,17693652719268261083,11,5,5,5,5,5,1
413,varied,3295625098246857560,16,7,7,6,7,7,1
414,varied,226115904844223388,15,11,11,11,11,11,1
415,varied,13533496455875563674,17,10,10,9,10,10,1
416,varied,17735777019754051229,11,4,4,2,4,4,1
417,varied,1844253932206288723,10,4,4,3,4,4,1
418,varied,2783090118778171849,8,3,3,3,3,3,1
419,varied,224536063769592138,5,3,3,3,3,3,1
420,varied,17976979271128343577,7,3,3,1,3,3,1
421,varied,1442185751467678513,14,7,7,3,7,7,1
422,varied,3139080448231005930,5,3,3,2,3,3,1
423,varied,2390531699576146332,5,4,4,4,4,4,1
424,varied,18229088882808044445,10,6,6,6,6,6,1
425,varied,6964198166676249956,15,9,9,8,9,9,1
426,varied,8028667276718776045,17,10,10,4,10,10,1
427,varied,17657382981416791371,17,8,8,5,8,8,1
428,varied,1608108277163298469,12,5,5,4,5,5,1
429,varied,10977775327097028988,4,2,2,2,2,2,1
430,varied,4271912482182032548,16,6,6,3,6,6,1
431,varied,4366921632927420102,6,3,3,2,2,3,1
432,varied,4115337186831379507,9,5,5,3,5,5,1
433,varied,7455071824150149967,14,7,7,5,7,7,1
434,varied,6551020994405888716,11,5,5,2,5,5,1
435,varied,3207518640409663347,8,5,5,5,5,5,1
436,varied,15122478351886965462,11,4,4,2,4,4,1
437,varied,888387498246419656,14,6,6,3,6,6,1
438,varied,18420254901456069464,13,8,8,4,8,8,1
439,varied,8781137977124468633,14,8,8,4,8,8,1
440,varied,9995778151073242440,15,5,5,4,5,5,1
441,varied,17716685403930330756,5,3,3,3,3,3,1
442,varied,12104843154443922430,4,2,2,2,2,2,1
443,varied,15307045775139873652,10,5,5,1,5,5,1
444,varied,568636341779867616,6,5,5,3,5,5,1
445,varied,7342214509387491824,18,11,11,10,11,11,1
446,varied,13619815971730595872,10,5,5,3,5,5,1
447,varied,2104225432857441231,11,7,7,4,7,7,1
448,varied,6883915721147196829,8,4,4,4,4,4,1
449,varied,6265695432730563827,9,6,6,6,6,6,1
450,varied,9284524274071520322,14,8,8,3,8,8,1
451,varied,10850018316036536241,5,4,4,4,4,4,1
452,varied,3028645556183590974,10,5,5,3,5,5,1
453,varied,17847924240759886543,10,5,5,4,5,5,1
454,varied,11089585927114326940,15,9,9,7,9,9,1
455,varied,12566693496266803048,8,4,4,3,4,4,1
456,varied,2973324511614931398,16,7,7,3,7,7,1
457,varied,7108195190037937142,7,3,3,2,3,3,1
458,varied,2395142728442127088,4,3,3,2,3,3,1
459,varied,4495668923143204584,14,5,5,1,5,5,1
460,varied,12019532932754282528,13,6,6,6,6,6,1
461,varied,11340368644065298624,4,2,2,2,2,2,1
462,varied,1058861889306167519,5,4,4,4,4,4,1
463,varied,16512558786935964028,10,6,6,5,6,6,1
464,varied,15650476863377081259,9,3,3,2,3,3,1
465,varied,6831794825073885769,11,6,6,5,6,6,1
466,varied,4708045251235207081,11,5,5,2,5,5,1
467,varied,16693724221720623296,6,3,3,2,3,3,1
468,varied,9648873961458643014,10,7,7,5,7,7,1
469,varied,16329203166997191522,9,5,5,4,5,5,1
470,varied,18136584949382463955,6,3,3,2,3,3,1
471,varied,7530826851853641797,6,5,5,5,5,5,1
472,varied,18129604313137733845,11,7,7,7,7,7,1
473,varied,2999504506251942398,10,6,6,5,6,6,1
474,varied,4772483558223161737,11,5,5,5,5,5,1
475,varied,15536839854117686815,8,3,3,2,3,3,1
476,varied,2161791982553677579,10,4,4,3,4,4,1
477,varied,13779587189155313798,17,9,9,8,9,9,1
478,varied,4246187199419010645,11,4,4,3,4,4,1
479,varied,3510053334109552802,18,8,8,5,8,8,1
480,varied,9414343454974216335,9,5,5,1,5,5,1
481,varied,13144956766698306749,6,5,5,3,5,5,1
482,varied,15845176676862244757,15,9,9,4,9,9,1
483,varied,1756158281749327771,7,4,4,4,4,4,1
484,varied,10092754670307596138,18,9,9,3,9,9,1
485,varied,16097681011056267510,13,6,6,4,6,6,1
486,varied,14840061145917898246,15,6,6,6,6,6,1
487,varied,13293324820305957509,5,3,3,3,3,3,1
488,varied,17131400583437724808,4,3,3,3,3,3,1
489,varied,16945070943561725647,5,2,2,2,2,2,1
490,varied,3609163684010068872,5,2,2,1,2,2,1
491,varied,17167035496791161639,12,7,7,6,7,7,1
492,varied,1522659002268962043,15,6,6,2,6,6,1
493,varied,16118787626959606596,7,3,3,2,3,3,1
494,varied,14145973666314071781,11,6,6,1,6,6,1
495,varied,17148948865946058569,11,6,6,3,6,6,1
496,varied,1390186190152217188,10,5,5,5,5,5,1
497,varied,2465567706970683393,17,7,7,4,7,7,1
498,varied,10859350063794629859,11,5,5,3,5,5,1
499,varied,5057794787604459814,10,5,5,3,5,5,1
500,varied,14641539476680462654,14,6,6,4,6,6,1
501,varied,10937611875143022145,5,1,1,1,1,1,1
502,varied,3550722849049138302,6,3,3,3,3,3,1
503,varied,7037608309065596967,12,4,4,4,4,4,1
504,varied,1177592819563594431,7,3,3,2,3,3,1
505,varied,8764150200634286074,9,3,3,3,3,3,1
506,varied,14202785213297302802,8,4,4,3,4,4,1
507,varied,4033708389717653325,5,4,4,3,4,4,1
508,varied,11647821044719520822,14,7,7,5,7,7,1
509,varied,9679111643217324660,15,10,10,7,10,10,1
510,varied,4953087766675200255,5,2,2,2,2,2,1
511,varied,9983901082390731397,18,7,7,3,7,7,1
512,varied,3870516360879529274,13,9,9,7,9,9,1
513,varied,18434109639781665328,4,3,3,2,3,3,1
514,varied,4847503399561553266,6,2,2,2,2,2,1
515,varied,6533114859872164284,4,3,3,3,3,3,1
516,varied,16924737457913555855,5,2,2,2,2,2,1
517,varied,3045151104338312979,10,7,7,2,7,7,1
518,varied,4552582705457513695,16,8,8,3,8,8,1
519,varied,8981634546891940487,18,11,11,2,11,11,1
520,varied,14856386112363046692,16,6,6,3,6,6,1
521,varied,4030483158006417957,12,6,6,2,6,6,1
522,varied,15814183293326016174,4,2,2,2,2,2,1
523,varied,13559359430326720480,9,2,2,2,2,2,1
524,varied,16778322742354465996,7,5,5,3,5,5,1
525,varied,17877462431603148605,15,6,6,3,6,6,1
526,varied,4761335270595921559,13,4,4,2,4,4,1
527,varied,2000397248071478810,4,3,3,3,3,3,1
528,varied,6989635102565956781,9,7,7,5,7,7,1
529,varied,12595973869770705826,6,4,4,2,4,4,1
530,varied,3853000187467770978,13,5,5,5,5,5,1
531,varied,1658741636052909506,4,2,2,1,2,2,1
532,varied,3685072332743485280,10,4,4,3,4,4,1
533,varied,1542433926794893678,9,4,4,4,4,4,1
534,varied,146199286869204583,10,5,5,3,5,5,1
535,varied,9282186539214792859,8,4,4,2,4,4,1
536,varied,12044098186993151604,7,3,3,2,3,3,1
537,varied,4097529188263439962,8,4,4,3,4,4,1
538,varied,10852006652814494531,14,8,8,7,8,8,1
539,varied,2655463301909679069,13,9,9,6,9,9,1
540,varied,7215811791364056681,13,9,9,3,9,9,1
541,varied,3946272659776804782,8,3,3,2,3,3,1
542,varied,7548377968792620691,8,3,3,3,3,3,1
543,varied,6744124022437809264,6,4,4,4,4,4,1
544,varied,17456566452911914891,8,5,5,5,5,5,1
545,varied,374335665054704314,12,6,6,2,6,6,1
546,varied,9239704869230182774,7,3,3,3,3,3,1
547,varied,9531675466950692771,8,6,6,6,6,6,1
548,varied,8171141840783810416,9,4,4,2,4,4,1
549,varied,16261705253518527131,4,2,2,2,2,2,1
550,varied,5335546786603653722,6,4,4,4,4,4,1
551,varied,14230311603272140846,10,5,5,3,5,5,1
552,varied,7921437590581506499,10,5,5,5,5,5,1
553,varied,10373028605897154807,11,7,7,6,7,7,1
554,varied,12864729071187496538,12,4,4,4,4,4,1
555,varied,17933938224121514944,13,8,8,4,8,8,1
556,varied,11361148121289837052,13,7,7,5,7,7,1
557,varied,15724240717471045671,14,8,8,5,8,8,1
558,varied,8339671294677232133,13,6,6,4,6,6,1
559,varied,13776192248489352092,15,7,7,6,7,7,1
560,varied,8157475476893538757,11,4,4,4,4,4,1
561,varied,2435517512902403228,15,7,7,6,7,7,1
562,varied,6855199993848384788,8,3,3,3,3,3,1
563,varied,10827870258150897169,15,9,9,6,9,9,1
564,varied,94290455897329914,12,5,5,2,5,5,1
565,varied,7240203649173478267,17,9,9,5,9,9,1
566,varied,9705602828296331710,5,1,1,1,1,1,1
567,varied,275850181833899879,5,3,3,3,3,3,1
568,varied,12717651700538311100,16,6,6,3,6,6,1
569,varied,10737234601016474959,13,8,8,6,8,8,1
570,varied,17610657900862625142,8,6,6,6,6,6,1
571,varied,7735441497934740211,6,3,3,2,3,3,1
572,varied,15989968589987511277,4,2,2,2,2,2,1
573,varied,5719265971029368703,12,5,5,4,5,5,1
574,varied,9960642245939294468,7,4,4,3,4,4,1
575,varied,996804492891554603,16,7,7,3,7,7,1
576,varied,2485081216965239364,8,4,4,4,4,4,1
577,varied,9366957238445741994,11,5,5,3,5,5,1
578,varied,4657174354298594483,7,4,4,2,4,4,1
579,varied,1415832628390139069,4,4,4,4,4,4,1
580,varied,16570213956130725298,17,8,8,4,8,8,1
581,varied,12793157019990020091,16,6,6,4,6,6,1
582,varied,11106526907666253282,11,6,6,4,6,6,1
583,varied,1237792507205652414,4,3,3,3,3,3,1
584,varied,12628727517206475109,4,3,3,3,3,3,1
585,varied,16697509497521822705,7,5,5,4,5,5,1
586,varied,10368267272319072391,10,5,5,4,5,5,1
587,varied,14003412417672086934,4,3,3,2,3,3,1
588,varied,10495808792108385258,13,7,7,5,7,7,1
589,varied,15199602184117302258,6,3,3,1,3,3,1
590,varied,7819227817602797668,4,2,2,2,2,2,1
591,varied,1291016894562928271,6,4,4,4,4,4,1
592,varied,188798081237181269,10,5,5,2,5,5,1
593,varied,15418986459689009311,6,4,4,3,4,4,1
594,varied,10106927452305130156,10,4,4,3,4,4,1
595,varied,15636936676924443783,13,6,6,3,6,6,1
596,varied,10093735786449062573,14,5,5,4,5,5,1
597,varied,14955833849879908072,9,4,4,3,4,4,1
598,varied,7574638987292245356,9,3,3,3,3,3,1
599,varied,9700553873614264918,13,7,7,2,7,7,1
600,clustered,12653055534400021952,13,5,5,4,5,5,1
601,clustered,10793644765728266543,4,3,3,3,3,3,1
602,clustered,9205490760049291728,11,6,6,4,6,6,1
603,clustered,15984788396035826098,16,4,4,4,4,4,1
604,clustered,15451968795812621503,4,2,2,2,2,2,1
605,clustered,6169439871427133685,9,4,4,4,4,4,1
606,clustered,11953239402032614696,12,5,5,4,5,5,1
607,clustered,15209325869221775455,18,7,7,7,7,7,1
608,clustered,1086810188234954881,17,5,5,5,5,5,1
609,clustered,5169326499068158686,11,6,6,5,6,6,1
610,clustered,15659327180744684709,9,3,3,3,3,3,1
611,clustered,15692156745738307976,9,4,4,4,4,4,1
612,clustered,15115784241269518424,18,6,6,5,6,6,1
613,clustered,13000679228958090118,6,4,4,4,4,4,1
614,clustered,7329643311363071778,8,4,4,3,4,4,1
615,clustered,2850205024202076700,16,7,7,7,7,7,1
616,clustered,11538738430511140824,4,3,3,3,3,3,1
617,clustered,17974655042778797866,16,5,5,3,5,5,1
618,clustered,12872330106552704304,11,4,4,2,4,4,1
619,clustered,17421762270549704067,12,3,3,2,3,3,1
620,clustered,16093048903924631576,14,5,5,4,5,5,1
621,clustered,6733868796334200607,4,3,3,3,3,3,1
622,clustered,2551941045325116363,15,5,5,5,5,5,1
623,clustered,197599206173817028,6,3,3,3,3,3,1
624,clustered,11199865469764554422,18,4,4,4,4,4,1
625,clustered,16122031763427201870,7,4,4,4,4,4,1
626,clustered,13412748905817267698,8,5,5,5,5,5,1
627,clustered,2192428025523415239,12,4,4,3,4,4,1
628,clustered,17923631745784547285,4,2,2,2,1,2,1
629,clustered,5142259732724318204,17,5,5,3,5,5,1
630,clustered,1022816932993452167,4,3,3,3,3,3,1
631,clustered,6582851893197856445,6,2,2,2,2,2,1
632,clustered,3967481633240878107,5,3,3,3,3,3,1
633,clustered,14163258017855098871,4,4,4,4,4,4,1
634,clustered,6738906513648031923,10,5,5,5,5,5,1
635,clustered,16808206400902967589,13,6,6,6,6,6,1
636,clustered,11456914804686350923,14,4,4,4,4,4,1
637,clustered,4902590033076164403,15,4,4,4,4,4,1
638,clustered,13204288877325449704,17,6,6,5,6,6,1
639,clustered,9236331714254455476,15,7,7,6,6,7,1
640,clustered,10552361981722635736,15,7,7,6,7,7,1
641,clustered,17743874066068190334,10,3,3,3,3,3,1
642,clustered,5718196372800901681,7,4,4,4,4,4,1
643,clustered,12547016003147460681,15,5,5,5,5,5,1
644,clustered,4910438237914637501,8,4,4,4,4,4,1
645,clustered,9914114011442727263,18,4,4,4,4,4,1
646,clustered,4579819672723509701,18,5,5,3,5,5,1
647,clustered,8294272631771586368,10,7,7,7,7,7,1
648,clustered,13023400403783836663,4,2,2,1,2,2,1
649,clustered,9608398072276378661,12,5,5,5,5,5,1
650,clustered,17654517338721235308,12,5,5,4,5,5,1
651,clustered,8600988502475828481,8,3,3,3,3,3,1
652,clustered,1824573181824779746,5,3,3,3,3,3,1
653,clustered,3263409954280633550,17,8,8,6,8,8,1
654,clustered,17785924531213911781,8,3,3,3,3,3,1
655,clustered,8683548848381660575,7,2,2,2,2,2,1
656,clustered,15319930563132953719,17,6,6,5,5,6,1
657,clustered,12983151860065579202,17,3,3,3,3,3,1
658,clustered,8569798004736716302,12,3,3,3,3,3,1
659,clustered,3835699368133041482,6,4,4,4,4,4,1
660,clustered,17069484094944401984,17,6,6,5,6,6,1
661,clustered,228246222288124019,4,2,2,2,2,2,1
662,clustered,13253431924179142566,8,3,3,3,3,3,1
663,clustered,383443560198966724,4,2,2,2,2,2,1
664,clustered,17566476900808281455,7,3,3,3,3,3,1
665,clustered,7441427529473627170,14,5,5,5,5,5,1
666,clustered,11243143548392063220,7,4,4,4,4,4,1
667,clustered,13112747898224550415,5,3,3,3,3,3,1
668,clustered,5282006347631693175,13,6,6,6,6,6,1
669,clustered,1177319259605021430,13,7,7,5,7,7,1
670,clustered,18007382425656097232,10,2,2,2,2,2,1
671,clustered,9592364949833061982,4,4,4,4,4,4,1
672,clustered,3935475503548886499,18,6,6,6,6,6,1
673,clustered,2579165294222582609,16,5,5,4,5,5,1
674,clustered,7054344166907355064,4,3,3,3,3,3,1
675,clustered,11001605099695976203,13,6,6,5,6,6,1
676,clustered,11181441891332633031,18,6,6,6,6,6,1
677,clustered,2933313267399276236,5,4,4,4,4,4,1
678,clustered,12364808227793828811,14,4,4,4,4,4,1
679,clustered,6306425446534260541,13,6,6,6,6,6,1
680,clustered,7273704463983490836,12,4,4,4,4,4,1
681,clustered,15821567836213245152,13,3,3,3,3,3,1
682,clustered,653568064155072525,15,5,5,5,5,5,1
683,clustered,7258941858068582234,4,2,2,1,2,2,1
684,clustered,665702867316358881,8,5,5,5,5,5,1
685,clustered,18142443476876340470,5,3,3,3,3,3,1
686,clustered,16431935950577010316,17,5,5,4,5,5,1
687,clustered,12519241891318374885,11,5,5,5,5,5,1
688,clustered,11190435646616191983,5,3,3,3,3,3,1
689,clustered,1027046519492263384,13,6,6,4,6,6,1
690,clustered,2688568431509121970,18,7,7,7,6,7,1
691,clustered,1275773400677249390,14,5,5,5,5,5,1
692,clustered,14474296466631422408,14,5,5,4,5,5,1
693,clustered,13203247222307991426,13,5,5,5,5,5,1
694,clustered,12553480026818088444,12,5,5,5,5,5,1
695,clustered,12632612501637915992,18,5,5,4,5,5,1
696,clustered,12657725436041343685,13,5,5,3,5,5,1
697,clustered,15462011820340773182,6,3,3,2,3,3,1
698,clustered,1455065470506046580,15,5,5,5,4,5,1
699,clustered,10684478067108189320,7,4,4,4,4,4,1
700,clustered,13478680189493102458,10,4,4,3,4,4,1
701,clustered,5097285530371481567,7,3,3,3,3,3,1
702,clustered,176557875648959777,5,3,3,3,3,3,1
703,clustered,17868921824504395746,4,3,3,2,3,3,1
704,clustered,14352633378575056030,12,5,5,5,5,5,1
705,clustered,2276570068712566254,9,4,4,4,4,4,1
706,clustered,10694568619118000203,13,6,6,6,6,6,1
707,clustered,17104033344865065163,4,2,2,1,2,2,1
708,clustered,2510800803408759373,4,2,2,2,2,2,1
709,clustered,5016656961367617010,12,6,6,5,6,6,1
710,clustered,3175455253704268297,16,5,5,4,4,5,1
711,clustered,12485704314119887017,13,6,6,6,6,6,1
712,clustered,1747254372197934633,8,3,3,3,3,3,1
713,clustered,4738503461941193111,9,4,4,2,4,4,1
714,clustered,11378648474951296420,8,5,5,4,5,5,1
715,clustered,3368709964848954208,11,7,7,7,7,7,1
716,clustered,17523498938319115193,18,6,6,5,6,6,1
717,clustered,4087854678422667526,9,6,6,5,6,6,1
718,clustered,13159827744548161182,11,4,4,4,4,4,1
719,clustered,2759608459622331615,17,7,7,7,7,7,1
720,clustered,11109506591565457546,7,5,5,5,5,5,1
721,clustered,7294310353353164276,12,6,6,6,6,6,1
722,clustered,7137623371032197043,18,7,7,6,7,7,1
723,clustered,11181368557314019328,5,2,2,2,2,2,1
724,clustered,490330080558121349,9,5,5,4,5,5,1
725,clustered,17965331233778613321,14,5,5,4,5,5,1
726,clustered,9202624337262267609,11,4,4,4,4,4,1
727,clustered,17024948846952838446,5,3,3,1,3,3,1
728,clustered,4325562332652113220,12,7,7,6,7,7,1
729,clustered,638007923681603023,4,3,3,3,3,3,1
730,clustered,15336418005316747925,12,6,6,4,6,6,1
731,clustered,8897595839446071335,5,3,3,3,3,3,1
732,clustered,4977622919469702107,12,4,4,4,4,4,1
733,clustered,17279033674119050941,4,3,3,3,3,3,1
734,clustered,4059744970423587530,6,4,4,4,4,4,1
735,clustered,6526589234605214904,15,4,4,3,4,4,1
736,clustered,81571391711627928,15,6,6,6,6,6,1
737,clustered,3103447877276964084,13,6,6,6,6,6,1
738,clustered,10810163514589220696,12,3,3,3,3,3,1
739,clustered,5981966468471246828,16,7,7,5,7,7,1
740,clustered,11346394877049766562,15,4,4,4,4,4,1
741,clustered,5055169913581854143,10,5,5,5,5,5,1
742,clustered,5166721288608202365,11,4,4,2,4,4,1
743,clustered,6381248398093421008,13,5,5,4,5,5,1
744,clustered,17709678210438513112,11,5,5,5,5,5,1
745,clustered,12384683765149702044,4,2,2,2,2,2,1
746,clustered,1808162612368716061,12,5,5,5,5,5,1
747,clustered,8179877292085297056,17,5,5,5,5,5,1
748,clustered,15670702099723085671,16,5,5,5,5,5,1
749,clustered,2011686772700888976,7,4,4,4,4,4,1
750,clustered,12954497179689137606,11,4,4,4,4,4,1
751,clustered,2246879679935686279,9,3,3,2,3,3,1
752,clustered,698247310365195660,5,2,2,2,2,2,1
753,clustered,10066764907526265572,14,8,8,7,8,8,1
754,clustered,10556062992215017168,15,6,6,5,6,6,1
755,clustered,8757748418378458006,17,6,6,5,6,6,1
756,clustered,5754083060744996819,12,5,5,4,5,5,1
757,clustered,13742166146327616613,18,6,6,5,6,6,1
758,clustered,3245238409206336751,15,6,6,4,6,6,1
759,clustered,5782992801225601881,16,5,5,3,5,5,1
760,clustered,287384106224487840,9,6,6,4,6,6,1
761,clustered,10194548408372366313,7,3,3,3,3,3,1
762,clustered,16579561222989592432,10,4,4,3,4,4,1
763,clustered,12801655922624055009,14,3,3,2,3,3,1
764,clustered,14932565869127786503,8,4,4,4,4,4,1
765,clustered,9748983413914623135,18,5,5,4,5,5,1
766,clustered,11115892873540697557,15,7,7,5,7,7,1
767,clustered,4876384717384062676,12,6,6,6,6,6,1
768,clustered,13991410714957677492,8,4,4,3,4,4,1
769,clustered,13285645110289024259,9,5,5,4,5,5,1
770,clustered,6450814348976391268,13,5,5,3,5,5,1
771,clustered,15782895777643363690,6,3,3,3,3,3,1
772,clustered,10569450580973211625,6,3,3,3,3,3,1
773,clustered,10139223920717379821,12,5,5,4,5,5,1
774,clustered,945876814769575278,11,6,6,6,6,6,1
775,clustered,5441077667707178321,8,4,4,4,4,4,1
776,clustered,18224173395013940238,9,5,5,5,5,5,1
777,clustered,3963458800152401781,18,7,7,6,7,7,1
778,clustered,920101596429790910,11,5,5,4,5,5,1
779,clustered,5312372683237781714,18,6,6,6,6,6,1
780,clustered,12782931126685225829,5,3,3,3,3,3,1
781,clustered,7837521244551436817,4,2,2,2,2,2,1
782,clustered,13653792431738011779,18,5,5,4,5,5,1
783,clustered,4940646668212204089,9,5,5,5,5,5,1
784,clustered,18116514516062211897,9,3,3,3,3,3,1
785,clustered,170182445545750123,11,6,6,5,6,6,1
786,clustered,13862185527726128836,4,3,3,3,3,3,1
787,clustered,7612483975889270056,8,4,4,4,4,4,1
788,clustered,2160355710016500718,17,7,7,7,7,7,1
789,clustered,852331582024777875,12,6,6,6,6,6,1
790,clustered,15505554124933463218,9,5,5,5,5,5,1
791,clustered,15090142632653126116,10,5,5,5,5,5,1
792,clustered,11538935152406322950,15,8,8,7,8,8,1
793,clustered,15373878175870553046,12,6,6,4,6,6,1
794,clustered,14709692277381750572,13,3,3,3,2,3,1
795,clustered,4597143244633574123,18,5,5,4,5,5,1
796,clustered,4422123253352411013,12,5,5,5,5,5,1
797,clustered,16472197750684821715,6,3,3,3,3,3,1
798,clustered,16199753693423561905,15,4,4,3,4,4,1
799,clustered,8964647164198735087,4,4,4,4,4,4,1
800,ties,4535652975220744946,5,3,3,3,3,3,1
801,ties,3916689538210632720,17,5,5,5,5,5,1
802,ties,5067586372984004070,5,2,2,2,2,2,1
803,ties,13100638801482748448,15,3,3,3,3,3,1
804,ties,13817832510193132222,8,4,4,4,4,4,1
805,ties,18085808687084544225,11,4,4,4,4,4,1
806,ties,15839378734366564899,8,3,3,3,3,3,1
807,ties,13133791703147847952,13,4,4,4,4,4,1
808,ties,1416925192193105397,17,5,5,4,5,5,1
809,ties,7617476262267567678,4,2,2,2,2,2,1
810,ties,16700717073588742309,4,3,3,3,3,3,1
811,ties,2642743224486943424,15,4,4,4,4,4,1
812,ties,1335138132328247709,7,4,4,4,4,4,1
813,ties,6608733206011305778,5,3,3,3,3,3,1
814,ties,6269699972977950184,10,3,3,3,3,3,1
815,ties,11173309740326479957,6,3,3,3,3,3,1
816,ties,4365625432541071557,14,4,4,4,4,4,1
817,ties,13498004101118422317,13,2,2,2,2,2,1
818,ties,31247599088572945,7,3,3,2,3,3,1
819,ties,3049522719090332639,7,4,4,4,4,4,1
820,ties,11300003666677848868,14,4,4,4,4,4,1
821,ties,12965373339535660402,17,4,4,4,4,4,1
822,ties,5867016856556863950,17,5,5,5,5,5,1
823,ties,12546284634782930928,13,4,4,4,4,4,1
824,ties,5882529037972877739,7,2,2,2,2,2,1
825,ties,7441668434366524844,18,4,4,4,4,4,1
826,ties,6829400111379341949,8,4,4,4,4,4,1
827,ties,10072176712982175948,9,5,5,5,5,5,1
828,ties,300062965450546824,17,5,5,5,5,5,1
829,ties,6826292128083528087,16,4,4,4,4,4,1
830,ties,15624058195708937691,9,4,4,4,4,4,1
831,ties,13064425948980576059,13,4,4,4,4,4,1
832,ties,5632706215758021752,11,3,3,3,3,3,1
833,ties,18222860339835986588,9,4,4,4,4,4,1
834,ties,12872640497463971988,10,4,4,4,4,4,1
835,ties,14328941258475705394,16,4,4,4,4,4,1
836,ties,12306696374884309652,16,5,5,5,5,5,1
837,ties,15266834291580070555,4,4,4,4,4,4,1
838,ties,6045304899323816576,6,3,3,3,3,3,1
839,ties,14589406445804950133,5,2,2,2,2,2,1
840,ties,8778266841280977621,7,4,4,4,4,4,1
841,ties,11702671329949293710,13,4,4,3,4,4,1
842,ties,5457796323601403818,6,4,4,4,4,4,1
843,ties,11879238095084614119,11,4,4,4,4,4,1
844,ties,13246778735964340561,15,4,4,3,4,4,1
845,ties,6207462466929062536,6,3,3,3,3,3,1
846,ties,9356793799835973669,10,5,5,5,5,5,1
847,ties,14826956276693795183,5,3,3,3,3,3,1
848,ties,11235912632070028449,6,3,3,3,3,3,1
849,ties,10808855693730010996,13,6,6,6,6,6,1
850,ties,15138134514069745990,13,5,5,5,5,5,1
851,ties,7975612491992227037,16,3,3,3,3,3,1
852,ties,6224703865644903889,7,5,5,5,5,5,1
853,ties,15553840933496693524,15,5,5,5,5,5,1
854,ties,16239560310191416177,18,5,5,5,5,5,1
855,ties,16226003489077295808,7,4,4,4,4,4,1
856,ties,10128618224171295600,8,4,4,4,4,4,1
857,ties,4359144341089451579,4,3,3,3,3,3,1
858,ties,6455791528547340775,9,5,5,5,5,5,1
859,ties,1079514559532768738,13,3,3,3,3,3,1
860,ties,7407380356642697494,11,4,4,4,4,4,1
861,ties,12119242748374469417,6,3,3,3,3,3,1
862,ties,16615377341504851018,15,4,4,4,4,4,1
863,ties,15664753529693529021,4,2,2,2,2,2,1
864,ties,4629102729325881439,14,3,3,3,3,3,1
865,ties,13130247957282695859,12,3,3,3,3,3,1
866,ties,2943885913730482291,16,5,5,4,5,5,1
867,ties,8556798077604531124,7,3,3,3,2,3,1
868,ties,13727606658866353264,9,3,3,3,3,3,1
869,ties,1140494965599587344,14,4,4,4,4,4,1
870,ties,3105562946795712135,16,6,6,6,6,6,1
871,ties,1216982144657483280,10,4,4,4,4,4,1
872,ties,17041871238984751221,11,5,5,5,5,5,1
873,ties,4718418907713335315,13,5,5,5,5,5,1
874,ties,9320016786204423590,4,3,3,3,3,3,1
875,ties,13233816726977047721,6,2,2,2,2,2,1
876,ties,5215814955706012506,10,4,4,4,4,4,1
877,ties,7282162377476030612,13,3,3,3,3,3,1
878,ties,6690146052300343425,4,2,2,2,2,2,1
879,ties,6623580148999486241,8,4,4,4,4,4,1
880,ties,5592796095244770564,13,4,4,3,4,4,1
881,ties,17939796910856526493,18,5,5,5,5,5,1
882,ties,7259664290861559363,13,6,6,6,6,6,1
883,ties,723465714855898199,4,3,3,3,3,3,1
884,ties,6983838760089900899,15,4,4,3,4,4,1
885,ties,8663470947074675622,10,4,4,3,4,4,1
886,ties,5702573251824519550,6,5,5,5,5,5,1
887,ties,202318229299401845,6,2,2,2,2,2,1
888,ties,5396880107478832972,11,3,3,3,3,3,1
889,ties,766133584914485813,4,3,3,3,3,3,1
890,ties,14249364028304673119,6,4,4,4,4,4,1
891,ties,2334219592352970404,14,4,4,4,4,4,1
892,ties,5283206829790847719,5,4,4,4,4,4,1
893,ties,5047390774014754704,7,3,3,3,3,3,1
894,ties,12017678691085009311,17,5,5,4,5,5,1
895,ties,18442349702339498747,6,3,3,3,3,3,1
896,ties,14169118556765057757,7,3,3,3,3,3,1
897,ties,5274403939907906818,10,5,5,5,5,5,1
898,ties,11270423445704294991,10,3,3,3,3,3,1
899,ties,6842286271481008057,13,5,5,5,5,5,1
900,ties,389838707797429376,13,4,4,4,4,4,1
901,ties,13303254171734021737,8,3,3,3,3,3,1
902,ties,4589858906264510241,8,3,3,3,3,3,1
903,ties,15295760103458493838,18,6,6,6,6,6,1
904,ties,8714463633526978984,12,4,4,4,4,4,1
905,ties,13721515324154283314,18,6,6,6,6,6,1
906,ties,6026462331718284408,12,4,4,4,4,4,1
907,ties,3816923165925595896,18,5,5,4,5,5,1
908,ties,9930748579558236856,9,3,3,3,2,3,1
909,ties,15096663885535508411,17,4,4,4,4,4,1
910,ties,14220848085096709240,12,3,3,3,3,3,1
911,ties,15899885180112842684,18,4,4,4,4,4,1
912,ties,16514344531974239362,8,4,4,4,4,4,1
913,ties,2278490181473329038,13,4,4,4,4,4,1
914,ties,14103943237535972866,12,4,4,4,4,4,1
915,ties,5535592781657636174,10,4,4,4,4,4,1
916,ties,10635076866946752782,13,4,4,4,4,4,1
917,ties,17583555164208290021,11,4,4,4,4,4,1
918,ties,1653844195771712900,4,3,3,3,3,3,1
919,ties,15192368279717212071,17,6,6,6,6,6,1
920,ties,4476832180648844983,17,5,5,4,5,5,1
921,ties,5638973000949101036,17,5,5,4,5,5,1
922,ties,13905966246841722168,18,7,7,7,7,7,1
923,ties,16394556367017480633,6,4,4,4,4,4,1
924,ties,5518853118208697921,18,5,5,5,5,5,1
925,ties,8596784619627474505,15,5,5,5,5,5,1
926,ties,9341833615252555617,15,5,5,5,5,5,1
927,ties,5896605020072461445,4,3,3,3,3,3,1
928,ties,14694484404895554880,8,4,4,4,4,4,1
929,ties,8924539974531094674,10,4,4,4,4,4,1
930,ties,11261505547251901000,16,4,4,4,4,4,1
931,ties,15503847736135685924,6,3,3,3,3,3,1
932,ties,6514867070954525612,11,4,4,4,4,4,1
933,ties,17898192785398176207,4,3,3,3,3,3,1
934,ties,5924206624014254155,10,6,6,6,6,6,1
935,ties,4984036196486084373,8,5,5,5,5,5,1
936,ties,4384553554793722518,7,4,4,4,4,4,1
937,ties,17283244991895450851,18,5,5,4,5,5,1
938,ties,18302960303047669988,13,3,3,3,3,3,1
939,ties,10350796578656302904,9,4,4,4,4,4,1
940,ties,4092074131962173914,5,3,3,3,3,3,1
941,ties,12832672807220462592,18,5,5,4,5,5,1
942,ties,2012422825967916696,10,3,3,3,3,3,1
943,ties,14662878079409484404,17,5,5,5,5,5,1
944,ties,8726566734261766179,4,2,2,2,2,2,1
945,ties,16592380375375833034,4,3,3,3,3,3,1
946,ties,13464704990671051975,17,5,5,5,5,5,1
947,ties,1075260336480602122,15,5,5,4,5,5,1
948,ties,15442840609163874039,15,6,6,6,6,6,1
949,ties,995142884118642282,17,5,5,5,5,5,1
950,ties,726728022524400217,14,5,5,5,5,5,1
951,ties,8857198785186855192,5,3,3,3,3,3,1
952,ties,5025930506648132736,11,4,4,4,4,4,1
953,ties,7207731709981635334,16,7,7,7,7,7,1
954,ties,14605968861424902888,17,5,5,5,5,5,1
955,ties,11130820052819052171,15,4,4,3,4,4,1
956,ties,7565289439148779450,7,3,3,3,3,3,1
957,ties,11234962222450975630,9,4,4,4,4,4,1
958,ties,10929239722313043933,9,3,3,3,3,3,1
959,ties,17589321489079445614,16,3,3,3,3,3,1
960,ties,17694219542639473843,18,4,4,4,4,4,1
961,ties,9516316112119167314,18,4,4,4,4,4,1
962,ties,15562887717443165292,10,5,5,5,5,5,1
963,ties,15538654255592433568,11,4,4,4,4,4,1
964,ties,11746068507530976487,11,4,4,4,4,4,1
965,ties,4273288818405200152,17,6,6,6,6,6,1
966,ties,6288122207088252764,16,4,4,4,4,4,1
967,ties,5402335318092342039,5,4,4,4,4,4,1
968,ties,6313259962894811209,17,7,7,7,7,7,1
969,ties,8422697278941231816,13,6,6,5,6,6,1
970,ties,8261601471940393383,9,4,4,4,4,4,1
971,ties,2239520970703198847,6,2,2,2,2,2,1
972,ties,1193435768219789545,9,4,4,4,4,4,1
973,ties,6870798016112341445,13,5,5,5,5,5,1
974,ties,1777509454791330579,10,3,3,3,3,3,1
975,ties,6715438214341223003,5,2,2,2,2,2,1
976,ties,11937314639379725467,14,5,5,5,5,5,1
977,ties,6216482131645770934,12,4,4,4,4,4,1
978,ties,591533385668032879,17,5,5,5,5,5,1
979,ties,14145293317336648738,13,4,4,4,4,4,1
980,ties,14046398073071174774,10,4,4,4,4,4,1
981,ties,8178989032275566906,10,4,4,4,4,4,1
982,ties,16433288570430447671,14,4,4,3,4,4,1
983,ties,7896043822577324780,7,3,3,3,3,3,1
984,ties,12100141941070397241,7,4,4,4,4,4,1
985,ties,12278303781770142868,15,5,5,5,5,5,1
986,ties,7169813408620876093,11,5,5,5,5,5,1
987,ties,7163914274494249297,9,3,3,3,3,3,1
988,ties,3114894003545316427,14,4,4,4,4,4,1
989,ties,951334944330827829,9,3,3,3,3,3,1
990,ties,12562626521026987834,4,2,2,2,2,2,1
991,ties,17910238619706754683,8,3,3,3,3,3,1
992,ties,7028449011202337184,8,4,4,4,4,4,1
993,ties,176806235141674802,4,2,2,2,2,2,1
994,ties,10985319446082272509,15,4,4,4,4,4,1
995,ties,9499223741342472346,16,5,5,5,5,5,1
996,ties,194112904271528404,18,5,5,5,5,5,1
997,ties,16810092753025953183,16,5,5,3,5,5,1
998,ties,10955306638279914559,9,4,4,4,4,4,1
999,ties,4917182804123643808,10,4,4,4,4,4,1
