family,algorithm,n,reps,median_sec,min_sec,max_sec,picked
sparse,eft,100,5,0.000002296,0.000002200,0.000002392,83
sparse,eft,1000,5,0.000037517,0.000035171,0.000040848,799
sparse,eft,10000,5,0.000887334,0.000737786,0.000942555,8074
sparse,eft,100000,5,0.011509895,0.010607004,0.011706829,80437
sparse,est,100,5,0.000002569,0.000002368,0.000002735,83
sparse,est,1000,5,0.000039157,0.000037336,0.000040526,794
sparse,est,10000,5,0.000809303,0.000795309,0.000845909,8032
sparse,est,100000,5,0.010497093,0.010121822,0.043317795,80095
sparse,sd,100,5,0.000003304,0.000003231,0.000003382,83
sparse,sd,1000,5,0.000068720,0.000066873,0.000072224,798
sparse,sd,10000,5,0.002779484,0.002746999,0.002835989,8055
sparse,sd,100000,5,0.260591984,0.247989893,0.280722141,80292
sparse,fc,100,5,0.000021783,0.000021265,0.000023305,83
sparse,fc,1000,5,0.002803028,0.002722800,0.002929509,799
sparse,fc,10000,5,0.307545900,0.305568933,0.317460060,8074
sparse,fc,100000,3,56.365856171,55.897182941,57.222095013,80437
sparse,sort_finish,100,5,0.000001539,0.000001525,0.000001560,-1
sparse,sort_finish,1000,5,0.000022138,0.000021424,0.000023104,-1
sparse,sort_finish,10000,5,0.000487010,0.000475363,0.000497137,-1
sparse,sort_finish,100000,5,0.006549478,0.006515980,0.006625414,-1
sparse,sort_start,100,5,0.000001534,0.000001474,0.000001627,-1
sparse,sort_start,1000,5,0.000021886,0.000021669,0.000022469,-1
sparse,sort_start,10000,5,0.000501502,0.000489383,0.000507498,-1
sparse,sort_start,100000,5,0.006610513,0.006569505,0.006690979,-1
sparse,sort_duration,100,5,0.000001632,0.000001598,0.000001716,-1
sparse,sort_duration,1000,5,0.000023935,0.000023541,0.000026109,-1
sparse,sort_duration,10000,5,0.000539842,0.000504899,0.000543946,-1
sparse,sort_duration,100000,5,0.007107019,0.006805062,0.007315516,-1
dense,eft,100,5,0.000001630,0.000001578,0.000001657,2
dense,eft,1000,5,0.000023686,0.000023202,0.000024417,2
dense,eft,10000,5,0.000526905,0.000517142,0.000541260,2
dense,eft,100000,5,0.007098436,0.006988525,0.007320404,2
dense,est,100,5,0.000001659,0.000001548,0.000001677,1
dense,est,1000,5,0.000023192,0.000023129,0.000024474,1
dense,est,10000,5,0.000514793,0.000500250,0.000530569,2
dense,est,100000,5,0.006960511,0.006842017,0.007030487,2
dense,sd,100,5,0.000001703,0.000001629,0.000001713,2
dense,sd,1000,5,0.000024252,0.000023014,0.000024444,2
dense,sd,10000,5,0.000552955,0.000520146,0.000567555,2
dense,sd,100000,5,0.007407427,0.007220984,0.007516503,2
dense,fc,100,5,0.000011064,0.000010660,0.000011957,2
dense,fc,1000,5,0.001281977,0.001276881,0.001297981,2
dense,fc,10000,5,0.130961895,0.117527962,0.138585091,2
dense,fc,100000,3,10.694303989,10.444625854,10.740213871,2
dense,sort_finish,100,5,0.000001487,0.000001415,0.000001567,-1
dense,sort_finish,1000,5,0.000022661,0.000021793,0.000023843,-1
dense,sort_finish,10000,5,0.000507808,0.000485999,0.000529051,-1
dense,sort_finish,100000,5,0.006734967,0.006589055,0.007015944,-1
dense,sort_start,100,5,0.000001561,0.000001530,0.000001653,-1
dense,sort_start,1000,5,0.000022685,0.000022283,0.000023258,-1
dense,sort_start,10000,5,0.000510108,0.000479380,0.000530168,-1
dense,sort_start,100000,5,0.006744981,0.006729007,0.007021427,-1
dense,sort_duration,100,5,0.000001565,0.000001474,0.000001582,-1
dense,sort_duration,1000,5,0.000022007,0.000021731,0.000023248,-1
dense,sort_duration,10000,5,0.000510144,0.000499044,0.000530268,-1
dense,sort_duration,100000,5,0.007115483,0.007051468,0.007197499,-1
