heuristic,family,tested,optimal,optimal_rate,avg_ratio,worst_ratio,worst_instance,worst_h,worst_opt
eft,sparse,200,200,1.0000,1.0000,1.0000,0,3,3
eft,dense,200,200,1.0000,1.0000,1.0000,200,2,2
eft,varied,200,200,1.0000,1.0000,1.0000,400,5,5
eft,clustered,200,200,1.0000,1.0000,1.0000,600,5,5
eft,ties,200,200,1.0000,1.0000,1.0000,800,3,3
eft,all,1000,1000,1.0000,1.0000,1.0000,0,3,3
est,sparse,200,190,0.9500,0.9941,0.8333,115,5,6
est,dense,200,157,0.7850,0.8925,0.5000,200,1,2
est,varied,200,64,0.3200,0.7341,0.1667,494,1,6
est,clustered,200,125,0.6250,0.9014,0.3333,727,1,3
est,ties,200,181,0.9050,0.9778,0.6000,997,3,5
est,all,1000,717,0.7170,0.9000,0.1667,494,1,6
sd,sparse,200,198,0.9900,0.9988,0.8571,167,6,7
sd,dense,200,179,0.8950,0.9475,0.5000,200,1,2
sd,varied,200,199,0.9950,0.9983,0.6667,431,2,3
sd,clustered,200,193,0.9650,0.9916,0.5000,628,1,2
sd,ties,200,198,0.9900,0.9967,0.6667,867,2,3
sd,all,1000,967,0.9670,0.9866,0.5000,200,1,2
fc,sparse,200,200,1.0000,1.0000,1.0000,0,3,3
fc,dense,200,200,1.0000,1.0000,1.0000,200,2,2
fc,varied,200,200,1.0000,1.0000,1.0000,400,5,5
fc,clustered,200,200,1.0000,1.0000,1.0000,600,5,5
fc,ties,200,200,1.0000,1.0000,1.0000,800,3,3
fc,all,1000,1000,1.0000,1.0000,1.0000,0,3,3
